Allocation Num:	29685
Max Battery:	99.86701876108937
Min Battery:	23.229299138508466
Max Capacity:	100
Min Capacity:	10
Average Battery:	70.01389090964328
Average Capacity:	80.0121273370389
