Allocation Num:	1547
Max Battery:	99.99308044672122
Min Battery:	79.1835309667296
Max Capacity:	90
Min Capacity:	80
Average Battery:	96.05377278457492
Average Capacity:	89.92889463477698
