Allocation Num:	3568
Max Battery:	99.98676370320513
Min Battery:	22.21479104032151
Max Capacity:	100
Min Capacity:	60
Average Battery:	90.0419586695577
Average Capacity:	96.8189461883408
