Allocation Num:	3441
Max Battery:	99.98694431795343
Min Battery:	22.646340167652316
Max Capacity:	100
Min Capacity:	40
Average Battery:	90.1345529969746
Average Capacity:	97.10839872130195
