Allocation Num:	3428
Max Battery:	99.95228179203207
Min Battery:	14.340734661770941
Max Capacity:	100
Min Capacity:	50
Average Battery:	90.07688316244055
Average Capacity:	96.78238039673279
