Allocation Num:	1739
Max Battery:	99.61585080579192
Min Battery:	14.340734661770941
Max Capacity:	100
Min Capacity:	30
Average Battery:	65.69724155055755
Average Capacity:	91.32834962622196
