Allocation Num:	7985
Max Battery:	99.98694431795343
Min Battery:	5.201893292412993
Max Capacity:	100
Min Capacity:	10
Average Battery:	89.34637581254744
Average Capacity:	66.91922354414527
