Allocation Num:	47304
Max Battery:	99.99654612297182
Min Battery:	23.229299138508466
Max Capacity:	100
Min Capacity:	10
Average Battery:	76.60391741044019
Average Capacity:	71.81274310840521
