Allocation Num:	2116
Max Battery:	99.99784617021231
Min Battery:	24.509030959739036
Max Capacity:	100
Min Capacity:	40
Average Battery:	92.68201316464194
Average Capacity:	98.95557655954632
