Allocation Num:	1643
Max Battery:	99.46838732955077
Min Battery:	18.693088023108846
Max Capacity:	100
Min Capacity:	20
Average Battery:	65.94314486960111
Average Capacity:	91.02860620815581
