Allocation Num:	2193
Max Battery:	99.85095714560836
Min Battery:	19.601583507891238
Max Capacity:	100
Min Capacity:	10
Average Battery:	69.36602570804162
Average Capacity:	80.94391244870042
