Allocation Num:	1236
Max Battery:	99.92478721282967
Min Battery:	46.41838364768116
Max Capacity:	90
Min Capacity:	0
Average Battery:	89.94430623868384
Average Capacity:	67.3462783171521
