Allocation Num:	8352
Max Battery:	99.95228179203207
Min Battery:	14.340734661770941
Max Capacity:	100
Min Capacity:	10
Average Battery:	89.56839630474349
Average Capacity:	66.06681034482759
