Allocation Num:	407
Max Battery:	98.11176662450751
Min Battery:	24.509030959739036
Max Capacity:	100
Min Capacity:	40
Average Battery:	69.18239248386583
Average Capacity:	91.1056511056511
