Allocation Num:	7655
Max Battery:	99.81885329911705
Min Battery:	12.767487460552415
Max Capacity:	100
Min Capacity:	10
Average Battery:	66.53164586507754
Average Capacity:	78.22991508817766
