Allocation Num:	8566
Max Battery:	99.97976525683765
Min Battery:	22.21479104032151
Max Capacity:	100
Min Capacity:	10
Average Battery:	89.57691544892856
Average Capacity:	66.09969647443381
