Allocation Num:	8310
Max Battery:	99.61585080579192
Min Battery:	14.340734661770941
Max Capacity:	100
Min Capacity:	10
Average Battery:	65.68917117158085
Average Capacity:	76.84476534296029
