Allocation Num:	18773
Max Battery:	99.97663939888781
Min Battery:	26.238203909924895
Max Capacity:	90
Min Capacity:	0
Average Battery:	87.4844709647694
Average Capacity:	50.503915197357905
