Allocation Num:	34429
Max Battery:	99.99064040539449
Min Battery:	23.229299138508466
Max Capacity:	100
Min Capacity:	10
Average Battery:	73.2292984768175
Average Capacity:	80.51729646518923
