Allocation Num:	3400
Max Battery:	99.97199597370275
Min Battery:	24.509030959739036
Max Capacity:	100
Min Capacity:	10
Average Battery:	89.21070591116062
Average Capacity:	74.97941176470589
