Allocation Num:	4980
Max Battery:	99.99533767289233
Min Battery:	75.4372997985281
Max Capacity:	90
Min Capacity:	70
Average Battery:	93.83957914311377
Average Capacity:	86.79317269076306
