Allocation Num:	40020
Max Battery:	99.89854741695056
Min Battery:	28.337792848608768
Max Capacity:	100
Min Capacity:	10
Average Battery:	70.3967787431539
Average Capacity:	74.3063468265867
