Allocation Num:	7961
Max Battery:	99.77335772535656
Min Battery:	20.77525120258813
Max Capacity:	100
Min Capacity:	10
Average Battery:	66.21345021643789
Average Capacity:	76.60846627308128
