Allocation Num:	1574
Max Battery:	99.291143455688
Min Battery:	16.828222713959434
Max Capacity:	100
Min Capacity:	40
Average Battery:	66.75459214175832
Average Capacity:	93.11308767471411
